batter_id,play_guid,spray_angle,release_time,end_time
678246,69af8bcc-8b57-328e-b91c-8a8bc56c9e86,-30.618997695289366,2900,3700
643376,86927e46-ef8c-3ce2-8c11-aec8c7fec54a,-22.092550550634087,2900,3700
606192,ae5fe9e9-b245-3719-95ca-94602f26f304,-21.347873506663277,2900,3700
677594,6f048128-8ecf-3b9e-a25c-a2925408c2b2,-17.52653594633007,2900,3700
605141,167f9fc1-5a16-3692-8131-c4f03baf6c91,-22.754731609905903,2900,3700
643289,5f754e92-943d-3fc5-8111-9df5ab7f0765,-17.170413845306925,2900,3700
686780,446bdcd5-2a00-37ff-b696-958b03c57671,-34.917388596444425,2899,3699
667472,4bb8de66-4d8f-37cc-840b-5918bb294d3b,-30.366216156866656,2866,3666
664702,5b570cf2-47d2-3eab-9abb-86fd85f797fe,-19.904825898441516,2866,3666
686668,055f0c5a-41e4-3a74-81ea-d58bad45ceca,-24.147896807303454,2900,3700
807713,13def28d-1153-367f-b019-93c890b60d63,-19.431956820646917,2900,3700
621493,3b1b7abc-4f7f-309a-98e8-bc339f1055cd,-21.670066083513873,2866,3666
641598,d5d99867-82e2-31d9-9136-757f5edb273a,-18.531669304178195,2900,3700
672820,feb1cc7d-d2d7-3808-bc7f-cecbc68cdcb6,-22.739055451182196,2900,3700
671218,30344d02-48a1-3b67-b0ca-97e992f614a8,-15.291590714172699,2900,3700
656577,8da401da-3f2b-3ce9-a917-4a652431e7e2,-20.907196007203922,2867,3667
672640,d64747c9-f49e-3af5-8836-e67a8723bfed,-35.12654137700477,2866,3666
680737,72fed403-5c37-3214-a95c-75eb542358b9,-24.05929273380943,2866,3666
680777,006d09fd-fdb2-366c-8f89-4e57ade7b190,-30.27264979101527,2900,3700
678877,ff0cbc43-cda7-3ab5-9df9-93363660e5a5,-20.241384812927905,2867,3667
678662,df11c07e-df7f-3afd-8173-a695c48b1f6f,-20.331844977179173,2900,3700
665161,59a02d1d-edba-33e9-a7f2-a649211fb7e5,-19.817681894019685,2900,3700
681715,0f0f0e7c-777d-3224-a02f-fce0a3ca13ee,-34.8496817797556,2900,3700
595978,40746fc0-c806-3509-8cb2-2e97fbce4286,-22.18340897981068,2900,3700
672820,461481a8-dcc0-325d-b871-50d48ce091f4,-30.734801054820267,2867,3667
686668,b4827f6f-6f29-35b3-ba2a-7e143ae2cbef,-15.268796921756206,2900,3700
672386,6c7a5f56-b6b6-38ba-84e8-b90ced13e0c2,-15.115397518048155,2867,3667
514888,d6547b1f-8c56-3f7e-99ef-0bfc6a84e7a3,-27.080105869941676,2900,3700
805367,e0ee4e73-3f8e-34f8-87cf-2e19d4c89de9,-18.0955445569423,2867,3667
595879,acf2276c-1eba-360c-8804-3cd023d8ef5c,-28.933135335722156,2867,3667
694671,7ddb2a90-51b1-3329-ab5a-2d0a8dc35f5f,-15.622660466271526,2900,3700
681715,ea054218-928b-3318-9488-a75641bcd1f5,-40.66289601390946,2900,3700
593428,c833ab7a-1e27-3e42-a7e1-43c4a8661ede,-29.11159067719889,2867,3667
687263,14de6392-1d9f-3063-9619-cd3a7a5b2628,-40.42050312869236,2867,3667
663538,ab10f3dd-62b7-301b-bb97-73107ea22fd5,-19.09727112056713,2867,3667
671289,4c4df0ee-5d71-3c20-be7c-274bb510f0a6,-29.423147657934578,2867,3667
593428,8fdb6f6f-5c53-32fe-92a7-ae11714d271b,-20.97037505738747,2900,3700
701358,23d58846-586f-3888-921f-96f8e4aae329,-23.92944071181128,2867,3667
592450,6470738e-e39a-3dee-95ff-494f5403dd84,-24.345711948536177,2900,3700
642715,d57fc9f7-f7b9-3d26-ae5a-778b0ad69214,-34.548367056011315,2867,3667
691406,75f42283-ae1b-3b0e-b976-d84c1a0790d4,-29.86583088943692,2866,3666
543807,1f7d2530-0d03-3072-b904-e38290c06560,-25.810783121721855,2866,3666
575929,1be464c6-2547-3dee-8a65-caa167bb036a,-20.254528903675848,2900,3700
672580,b530749a-90a9-37f3-bde9-479cd45bea82,-18.988811286307254,2900,3700
502054,761b22c3-ce0a-3a28-b9b5-430ca5d4ca80,-24.43190392782043,2900,3700
676391,1111ff5e-4bb6-3b78-bc39-64d093f058d9,-15.299379992343603,2866,3666
663330,ed6cbc41-2d3e-3d92-a19c-51a6348a3172,-29.94141946266619,2900,3700
593428,0d20be8a-618f-3bcd-9404-965ad7c4483d,-18.43494882292201,2900,3700
680474,e9bdb8a1-6267-3866-9018-729a5b159a13,-31.06860645240458,2900,3700
668800,f6c1c501-86c0-3133-a7ee-15a472c38ef5,-33.698822993441155,2900,3700
700246,24d69899-9bc7-38e4-9d9b-c4b366aa63ce,-24.227184628054076,2866,3666
673237,d131bb20-e3db-305d-a6dd-72bf50708056,-16.713000423153176,2900,3700
677951,e234975c-7f88-3eed-b40a-8a6e263ea164,-21.87792815645666,2900,3700
518595,efbfe97c-5cd4-3296-8895-b854291f844b,-23.020718577003393,2900,3700
805367,d705712e-5e3d-301d-a389-15bcfec8b665,-33.939016836394615,2900,3700
700246,2b66b5a0-a6ba-35b3-adf2-85abde06d963,-22.503528499767427,2900,3700
691406,428ed8ad-18a0-30cf-865b-28059b6be6d8,-17.045554981724592,2900,3700
455117,d1ff0655-4fa9-35ea-b771-9c0dadff8168,-25.84272568335767,2900,3700
661388,c52ae044-58fb-3a24-a59d-9ae5a9c62b30,-35.04696311107922,2867,3667
608348,97394853-1223-3662-8e2a-bdf05b34a8d2,-25.862390041157553,2866,3666
661388,29ded709-4239-3688-8d43-29dbe42e6b1c,-30.930461415635804,2900,3700
683734,dfc557c3-2ca3-37c2-a4f4-83aed0e937b2,-16.486587100136404,2867,3667
650402,8bf9c0b6-f4b7-3c59-b7c6-eaf0b9929292,-23.80332758637317,2900,3700
668227,13026057-c96c-32e6-bdd9-a1be863e86a9,-31.462613417488114,2900,3700
643396,ea2108fb-d76f-364b-b68b-9dc944136161,-21.450944417383198,2866,3666
649966,3a3f4877-72c3-3423-9f0b-e2f8b6f9b7ab,-30.07292390451606,2866,3666
679845,56131b7d-a9ad-3f2a-8a5e-c8533aae73e7,-29.993981297242414,2900,3700
676391,9359b745-9b90-3231-b828-d5982b6782bb,-20.593485279281566,2867,3667
621020,8328e538-0cd3-322f-8569-e9142870a60f,-30.173520029644322,2899,3699
663697,251e7cb1-9d8e-3722-8f58-d3ae45ad9eac,-19.8363207187967,2900,3700
691723,6e80996c-80a8-3dcb-b3d4-8442e17017d2,-42.46554213100356,2899,3699
807712,f3707132-0ec4-3071-a676-a3ec38bdb6e9,-34.959893163423516,2900,3700
678554,174a5d41-3034-3c4c-aac1-81160aae99c4,-25.51092983599233,2867,3667
519317,bdfa8f7a-6252-35e9-8a9d-650b22b82e6f,-20.624757598150524,2900,3700
666176,144586d1-92fc-3be6-89ed-e924095e084e,-22.36183754185633,2867,3667
677594,4932e6be-0768-34a5-90c9-db3b405cbb43,-15.579946869633119,2900,3700
643376,e03a9cdb-d807-32e1-bd22-69501885ad7f,-21.604003212852135,2867,3667
661388,9236edbf-ee36-39c5-b1e6-4a608a06adfd,-29.019357661674505,2900,3700
679845,327d9fd5-5e49-3e69-8b86-a07dd96e9151,-33.470341139437835,2900,3700
553993,8223a734-0495-3713-93af-22f01e21f561,-36.29854147258243,2867,3667
650490,72b5324c-aeb4-38a0-aa81-778553053b3f,-15.697713728177192,2900,3700
805373,5a803e78-54c3-353c-b4c8-f608073bcdb3,-23.802380448814546,2900,3700
665161,3c28ad5c-699b-3180-8b42-f7245a9fa277,-35.55902311649683,2867,3667
545361,aa0e2f13-9615-3c38-b2f4-affd9cb476af,-22.395733889474002,2900,3700
680779,8fc858cc-3558-3d09-94ba-40a0fd0c211b,-26.534183381098927,2866,3666
676914,dc03dcf3-d31b-3b7a-81ec-561d95c76753,-27.351524595295842,2900,3700
686780,e2a2a895-d4c1-3253-bf70-f757d9be09c4,-21.63033412303838,2900,3700
650490,153aecdc-aba2-3188-b2a0-0f4a37eaf417,-22.133912559614117,2900,3700
700246,0df84322-81c5-3432-b84a-fedbe7b11338,-22.487073834326267,2866,3666
681715,40d34356-db16-3ee5-a289-179015b6707f,-21.72012091555827,2866,3666
681393,eef5d0d5-7ccc-3eda-b665-8af3219ce498,-20.005279000580202,2899,3699
521692,dd1dbb0e-2de6-36ca-a75d-225fa9b1a4c3,-44.19582089503746,2867,3667
543807,4552cc44-6b8a-356e-adfc-73cb61f3fe6a,-23.31060838781893,2866,3666
664056,972613a5-201d-32fa-845b-e0ae1c6e9304,-35.699265579497705,2866,3666
681624,5ae754bf-63d7-36aa-8f5b-97b2de0f1f1e,-15.42140201184597,2900,3700
502054,f9f94055-258e-3bc9-858d-90cc5fc4c47d,-16.597759807028922,2899,3699
596115,0731c706-6860-3518-bd49-68dd61ecaec2,-21.188655507849063,2866,3666
666969,fbead895-e847-3249-96a5-62c88621bd39,-27.51258691097388,2899,3699
677951,6564a2cc-344e-37db-83a0-e80378fa51f7,-26.236180822401494,2867,3667
608348,d6df4012-5daf-3cd8-9149-e20ab2c026bf,-36.60982183289683,2900,3700
667670,f02c193b-3cbe-3621-8ee1-2739a7cbded9,-40.57663500301723,2900,3700
621493,b84b9c07-8433-37b9-b7f2-8e214609d803,-17.931455840031347,2866,3666
664023,da597c5c-e6cb-3bdf-8233-eaea7db0dbdd,-33.4325601384009,2867,3667
641933,3e479e5c-347f-3eb7-a382-d517c7fb3232,-24.11677845873706,2900,3700
553993,5193011a-d3bf-3ef2-a2a7-47abd63c9362,-23.99022264157456,2900,3700
691723,326f9775-c0c2-33cd-aeef-fc53971c8b3c,-15.004468673020341,2900,3700
694374,319a82a3-b384-3868-bbd2-94979e53e322,-18.186985947601116,2867,3667
694671,c991d59a-64e7-31df-9f9a-e629d8ce4b94,-34.97182963309609,2866,3666
671083,c855959c-b815-36e5-a73f-05cbec54f100,-18.210846525657487,2900,3700
673237,cbf1e0ec-70d6-3ca3-bbc1-be4828c77bcf,-20.776166724885115,2867,3667
553993,45d4e799-946d-3cbc-b0e8-a90c40400e95,-22.439904494387264,2900,3700
621020,7a67f61e-4207-3182-992b-ccb3b3ee293f,-30.602543628430595,2900,3700
676914,31de04e4-89fb-325c-b355-01b3faf45efc,-22.967661733878415,2900,3700
669743,3a042395-4f51-3339-8173-2488132f9cca,-18.576829728787416,2900,3700
687263,2cf3ea76-d410-33e6-bb41-4965d7128b96,-42.09084788919594,2866,3666
602104,0e9b7399-b4cf-3164-b032-7cde06f1ec98,-43.89028055915634,2900,3700
661388,bc56988d-a8c5-32f8-8402-9f0e5a7147d8,-16.663479082887932,2866,3666
680474,5dad6476-3bcd-33a9-a8aa-9864c0967e1d,-18.93591157934364,2900,3700
807712,d0a3cef3-de9d-3aaf-b4ce-84c30e9a8a99,-19.504926035375263,2900,3700
669477,80853d01-7171-3b7b-91ee-acac53fcd8ff,-20.516414438919412,2900,3700
642201,a4614a48-8023-3b20-b329-c624c1241f50,-29.808131399204953,2900,3700
687263,fa8f121d-ded9-301f-ba34-1935dc19c019,-32.40623440110562,2867,3667
665161,b326e6ec-81b0-382c-b9ef-ee576d59c99f,-22.488725913583593,2900,3700
691720,89323f6a-47f6-3b75-91df-c5da03c0efcf,-15.90624364271224,2867,3667
521692,2a3d18ad-ee58-3bee-9e03-b15a16cc9db3,-37.130508346782364,2900,3700
672820,d6a001c5-f349-31bb-8ca7-a78c6239f2b9,-17.176772538468725,2900,3700
593428,9c46799e-e276-3d8c-a7e1-8a7487bd02fa,-15.67699581676213,2867,3667
572233,0ebfce84-7f7d-30d4-9f37-0c8b4115348b,-27.126006617235063,2900,3700
676801,a5ad1f6e-5574-37b4-b428-fd195d78dc52,-16.41067760035955,2900,3700
666023,a83d63a0-94f2-3ca0-b235-ca18d19a46d3,-17.960947259956257,2900,3700
647351,83e69ce4-3231-307a-8e2a-06a467548eca,-15.579946869633119,2866,3666
656305,8ee79448-70bd-36b6-b798-84266ba767f9,-21.38034312086485,2900,3700
657557,e2fd5fc3-1c3f-3649-a4ad-d2e20dd17082,-25.271777322533666,2866,3666
695336,6520ba70-65b7-3de7-90af-3b6c031d3d48,-39.67926249095592,2900,3700
621439,21e115ce-022e-3c3e-bef6-59db4a015eec,-43.13589428095324,2900,3700
621439,526185b1-de64-3028-86fb-e81717914420,-31.0517759244033,2867,3667
666969,3913b9ae-d78b-3a20-8ffc-586760cb668d,-31.52624961957264,2900,3700
807712,ade88c3c-251d-3d88-9889-2e0a02d3f73b,-39.914195417722425,2867,3667
543807,ef3c86b3-091f-3199-b1d7-e4a3c08192ee,-35.37153711115462,2900,3700
805779,70b45d25-7726-36f7-a271-da445179b324,-18.636273612113584,2900,3700
677951,fd0369b9-0325-3c4d-bc16-4dc63678bb41,-37.629137305670085,2866,3666
672580,ebc5e6b2-3493-3a95-816e-1d0b98140024,-16.14983747108451,2900,3700
543309,7fdce82d-f47b-3be0-9277-53bb872bf6c7,-30.027580626612647,2900,3700
518595,6174b60b-0e28-3d74-bdb0-f64e4565bfbb,-22.82756244655853,2867,3667
678489,496cf6e4-84f4-3c6d-baa6-68a40afff9ed,-17.680415874757415,2866,3666
664056,a71fc60a-cd05-33c2-9305-36a85b1ddb08,-28.007341108880112,2900,3700
669127,8e49824f-23ed-3a95-aeef-691deeae2201,-40.87697637853046,2867,3667
621439,fe7e3cc7-c75c-31c8-af29-e2d6f2a6f0d9,-30.330120407664964,2867,3667
677592,7ccaeecf-98a5-3781-bdcb-34d0e348dec6,-21.41197079760063,2866,3666
669127,3226eae7-9abf-3d23-9ac8-3a04e3a7370f,-24.73067951114504,2900,3700
596115,613f9ea6-6ee5-30ea-9ee9-537a3e2bb9a7,-22.8034534711407,2900,3700
641680,1e610fe7-85ce-3984-809e-6868909131d6,-28.40993916533847,2867,3667
622569,d39b1d3d-e002-3cd1-9e2d-517da86c52e0,-22.768299277915247,2900,3700
606192,5003269f-4a57-338e-9973-097177c74523,-16.419194564144902,2900,3700
686668,b71667d9-4f18-46d5-aebc-000767e97d16,-44.93958268020026,2866,3666
669221,e7da891d-3ca0-33df-a645-d60096c617cb,-26.38491509614937,2867,3667
670623,3f1d0e0e-1b48-33d2-8409-52284dcf40a7,-17.881600367955173,2900,3700
694671,b1e26363-c7ea-3abe-ae67-5e51717d6bc3,-18.09567796670055,2867,3667
656305,00a366ea-13b0-3ecf-a47e-38999e9151a8,-22.39577846817724,2866,3666
666624,e0ca3751-542c-3c2a-a20f-a98c80cd5c47,-22.883298923961462,2900,3700
664023,96c1311c-7bfc-37f5-9c6a-8e177c9aa1c6,-37.42923705772935,2900,3700
606992,0332022f-28e1-3ab3-baee-9f92d8802372,-21.51902387935337,2900,3700
543807,e10371a6-903b-4e9a-a94e-c157c4122fa4,-25.243466380227673,2900,3700
679529,929b2325-4e1a-4cf2-a4a6-4beef0d89f09,-19.86780684813216,2866,3666
668227,49314cea-eacb-3532-aedc-4a3363fe74ea,-22.630881305769023,2900,3700
660670,f56ece92-5a3c-3ef2-96fc-fe65d4a51f67,-34.403635871919576,2900,3700
691723,8e39e109-223b-464b-b088-454fef390072,-21.025201493256176,2866,3666
686611,5decefd9-716e-3829-ab79-f599fffb88bb,-33.67500554433067,2900,3700
621020,c12b8463-9574-3913-9c0c-3e2a4a5a01e5,-21.034266019052993,2867,3667
457705,079f3dc5-bcb6-3381-9a73-f304a81da544,-31.819759683311986,2866,3666
665804,57979c76-0d7d-322e-82cc-7c525db61285,-20.618073910047528,2867,3667
608324,2547be89-21ac-35f8-ad2a-bfe45c16ef2a,-24.700467983062026,2900,3700
516782,0c2a2bde-61eb-378a-943b-eaa3a9722bba,-22.211673229090238,2900,3700
663898,a1916df6-651b-36ec-9e4c-62d5d2b49da7,-30.10843849544237,2900,3700
645305,55281b95-c714-30ae-a7a0-27e3232cf8ed,-28.54407647728108,2900,3700
694374,865448b5-4ed7-32fe-8016-44a879feec77,-28.2098563316832,2867,3667
670623,1df9f267-1260-3d07-b7f5-e681d4ce8739,-40.77954760616467,2900,3700
572191,e3469395-2c0c-37ba-8792-4e76e0ca57e1,-18.23150438411372,2900,3700
624431,8c00a4ea-ffd9-427f-b827-f1d7b13a7887,-22.989816500991225,2867,3667
691026,16a55fec-ec3e-3b35-a74e-66e33e7dccc0,-23.440112231621995,2867,3667
457705,ff337317-c3c1-3899-8690-80adb9297b72,-17.486159922705824,2866,3666
669134,8dc3e76f-0a8a-3a53-b916-757d8c5a505e,-16.646315642635784,2900,3700
642715,95aa7093-13b3-3e50-ac4b-52c6f3b805eb,-27.41848736065235,2900,3700
657656,46ee1347-045d-3e8b-b7b0-ba76ccaeb67e,-40.14371792946835,2900,3700
592206,69c2be7f-692b-49be-8210-4127502e21d0,-15.792569899189246,2900,3700
493329,1a0f86b8-5114-416f-9979-38957a289331,-17.30327479562166,2867,3667
607208,a8630cbc-6b27-3ce7-a04b-09b351a8d9f6,-19.53587675890975,2900,3700
664056,ea21b723-ec66-363c-9767-31a79b04d772,-25.485302055454085,2866,3666
593428,c9753d77-6d32-3fe3-b4d9-274a07180b2f,-16.073180628154333,2900,3700
641511,7afa9841-1a19-46e7-bd25-644eb1a5e713,-16.69358888254864,2867,3667
543807,ac23b62b-289c-36f6-be22-7e01159903c2,-28.206952259304018,2900,3700
665489,37727a8c-a6ff-35c1-a6fa-3ebc965da97f,-28.43634088337832,2866,3666
672820,0001f523-cbb0-3ec8-aaa4-345ca558603c,-27.743826955072905,2866,3666
670623,5d05907c-4b9a-3fe2-b07a-5eef630cdb0f,-22.045755968550765,2900,3700
683766,cdb276c6-1963-3fc1-9ab5-ca626c83ab0e,-18.220842570621997,2867,3667
655316,d7a31940-8e21-32c8-81af-3bd8142b760c,-32.13955152872364,2900,3700
641313,6f382d16-3f66-38b1-aeac-5a883eb0ab14,-18.430721288102475,2867,3667
592669,0161c788-04bc-3da1-b2cd-13489fc7d605,-18.71173787509977,2900,3700
666969,462afda0-04be-355c-8a99-12d8b7b2c95e,-22.48989188086024,2867,3667
691026,4e95e54d-e870-3d2f-808b-91ce35026d9c,-36.31483627116897,2867,3667
679529,5ccaf6a3-584f-45c1-a379-0b1f13ccf130,-41.93936587990814,2867,3667
645302,905e2f6e-98c8-44f7-b95c-0a6dca35a83a,-16.788367629375756,2867,3667
663743,e728514c-39ec-361b-a3e6-54e8bd8f8bd8,-19.2084805420143,2900,3700
682619,b6d292a4-97ef-4ffc-9bab-3757f54adaf2,-26.792278934870296,2867,3667
656555,1488ff84-1a7b-3e6d-a40d-a1bed6ef4390,-15.004657083520073,2900,3700
641313,e3a44ca3-fb41-31a6-b61e-47bb0d9777af,-36.77125441158665,2900,3700
575929,411ad615-ecb6-36ee-ae5b-bd057f1a4d05,-36.84078393924753,2867,3667
661388,13618d6e-aec3-3afa-968f-05e5418d7559,-38.30122185430352,2900,3700
521692,f3e49388-2999-30c8-b6e3-c45c20e163cf,-16.002672218930442,2867,3667
663586,e1600aa1-80c1-319e-a3c5-770c082bdaf9,-31.40711045384637,2867,3667
663743,9419a706-31ae-4973-a44a-bde2b59722db,-19.80618979513659,2866,3666
527038,35d0a6cb-aad8-3ec1-9751-6aaeae852cf9,-21.30634810604272,2900,3700
553993,a1454fce-3390-31d4-968e-b768f4e9eca6,-39.262573450179445,2900,3700
679529,71e56b44-1137-30a3-9a59-8613137edce7,-35.36336524502552,2900,3700
670623,3358cbc1-35c4-35b9-8b27-2886724de83c,-35.982264527204364,2866,3666
702332,58abf7ec-3a02-4e37-a551-be5274019de5,-34.12454481701647,2900,3700
606115,fae4d9e6-603f-390a-99ac-d9dec4da583e,-29.80835182907282,2900,3700
624585,9231df22-62b5-4f6d-80e4-e2be29bc5269,-29.912514029704838,2900,3700
595879,95d9a6d1-27ad-3c57-9d4a-bf7984ecd145,-20.14055132386109,2866,3666
592206,0c81fce6-1ffb-49bc-a0aa-d1b773692378,-24.115157837770525,2866,3666
553993,26479503-0dc3-3c5a-b483-3473dad7610d,-44.57039929850566,2866,3666
670764,7c39dbc9-6019-33c3-b697-476f6f69dfd2,-31.593773290365206,2867,3667
683011,83911fa3-792e-3b10-aa9c-0ee23d15a0d0,-29.690114753433562,2899,3699
681624,4eabbd87-5f87-3884-bd82-c23887a1dac9,-24.781312937024268,2900,3700
807712,3a5dc8e4-3c7c-4490-aa25-70d567a8183b,-28.74183741235271,2900,3700
666915,eddd84b3-8e06-45a8-8b7f-359981eaec09,-23.441183842845362,2899,3699
694355,f20b68ba-8a6e-4aa0-9e5c-727931bc92d1,-31.499639267942896,2867,3667
656413,abb6a41c-5e75-30ea-b600-05596d37b029,-36.842023272215826,2900,3700
543309,2b87b5cc-c211-3bcb-97d1-359e2bfb9910,-44.302958329942015,2867,3667
669477,66311350-2683-4652-accf-ebc8586f1395,-18.10330661444567,2866,3666
624413,6efc4dc0-ce2b-3085-945a-b0b5f7fe4856,-19.024530333202534,2900,3700
686611,401b2f40-5da6-31ca-bd05-af67c539c062,-24.662714831601292,2899,3699
681146,01d7da4e-64d7-49dc-aef4-ad872ceb8e34,-22.147380809264433,2900,3700
693304,a60d1f50-1dff-442c-8ad0-6b032b0b6cfc,-15.267039594663231,2867,3667
621493,24e85904-f801-34d8-9706-2638bd1fae70,-20.310480457881468,2900,3700
666969,d0d65ca2-91b8-35b9-b687-f736c908110d,-24.207930502528654,2900,3700
608324,cc0eb252-b25f-3be9-adf6-c09e2fae0668,-30.133647845986047,2866,3666
641313,6d38a1e4-63a5-483b-a169-be29d18dd42f,-43.46397136405599,2866,3666
660844,9ccf5a93-2709-4940-8002-4ff581176097,-18.000725061937118,2867,3667
543760,aba09d0d-8ef7-3507-b587-f58bbd7223d9,-16.60716850202361,2866,3666
678882,1186fc05-9b0b-3727-bff8-517b3615bbc5,-42.876690385651415,2900,3700
621043,5c2f7ba4-9ebd-3442-8656-2f077d368b6a,-16.920372605454588,2867,3667
592273,9684ceaa-3327-4e86-a9df-816517cf4612,-23.66931344560389,2900,3700
682829,5008dfd1-12ea-3f6e-b643-8fd914328b6f,-32.05296587086741,2867,3667
592518,e8886d40-e6fa-368c-b06b-560e19f37826,-24.194227070499863,2900,3700
667472,0893c378-5d48-3bf1-a15d-f31b486a0a93,-31.17416101250926,2867,3667
696100,38a39a93-8b9f-3bf3-bfb5-0fd0f8fffb4b,-31.431776995972257,2867,3667
663538,9d1d848d-bd14-3c1e-b038-719c406f6b6e,-25.16082670356772,2867,3667
805779,bfd32890-8604-3fe4-8c9f-a47ff8326bc1,-20.425293624339346,2900,3700
687401,5195df4a-67c5-3eb2-9ec1-239eae437626,-18.96513680762625,2866,3666
621020,119ccdf7-307a-341b-b9d1-3a1158e04151,-41.29398416507564,2867,3667
702332,e1d55707-51fd-3c96-b737-cc86a21a19bf,-24.383104474061838,2900,3700
621043,33a97cac-ecd9-39e1-8d88-4f0cde8de8f2,-17.409405582740433,2899,3699
516782,c3905cea-efdd-32e1-b181-323ff1e6ef50,-20.887028438625165,2900,3700
672515,7fabd94f-14a4-34e7-8d43-a7068bc73f0b,-17.292574224655183,2900,3700
694376,bfd44aab-0109-424f-b172-e5847753ac90,-39.28666125260776,2900,3700
663586,6e0d49ae-b918-3303-adc6-359134986497,-33.15208304888952,2900,3700
679529,ea0f7e6d-4ab4-3405-a40b-52f028089fac,-24.95563150148348,2900,3700
620449,f8674fcd-78d3-47e0-b988-c7c9ccacd2f5,-20.027029556331343,2900,3700
628451,88424a0d-84f2-36cf-b4aa-634d4dfb4eab,-32.76107426807208,2867,3667
667472,62ddb8d8-e641-3a46-83b9-019eaf39a656,-19.504926035375263,2900,3700
687628,f38ccf65-a496-4af0-8ba3-e03791e7f184,-31.67864003270458,2900,3700
672820,3f88ced0-a082-3374-b4d6-2a86ba7f5b9c,-34.89110847485043,2900,3700
691023,256043dc-e9c4-3e59-846b-bc6011280464,-39.307772442820294,2867,3667
672640,466b737e-d97e-35f5-87dc-ac691c78cf11,-22.478621829320204,2867,3667
656555,e851e50f-137d-3f9e-a79f-1e7a162c335e,-20.241384812927905,2900,3700
642715,e92a4cf8-04fe-3056-9f86-3e730e2d1a1f,-25.170431916666104,2867,3667
682657,d7a56320-63f2-3561-a540-c74b60228984,-29.00748662973062,2867,3667
642715,f39fbd3e-307c-37a7-a617-2bff4b13597b,-29.403662918621833,2866,3666
681393,1e3a5f1d-3da2-3a44-a32b-c0fac176aef5,-19.589517352654198,2867,3667
571657,aa7e6e42-cc26-3af8-8c16-a77e94fe0205,-16.672880023901655,2867,3667
694671,348855b9-8b5b-3096-a4ee-95cd7f4840be,-20.394876082048384,2900,3700
553993,3e14ce0f-ee68-3456-b07c-a2ab011a746c,-26.81918310150779,2900,3700
624431,16319935-97a8-3229-b1c4-c461a16daf00,-38.60534617054378,2900,3700
527038,8340e2fc-6b88-3016-a0ff-f3c46fa5d757,-23.95099118626065,2866,3666
606115,759c6ff9-6b8a-3bee-9fed-d51dd64375ff,-21.809504016014913,2900,3700
592669,e3bd87b9-76d4-3626-b30a-260cfc93ccfe,-35.10282687420727,2866,3666
593428,38133547-0c29-3dd0-8e34-4a636b4975e0,-25.8605125223297,2866,3666
663728,772b40b1-0af5-4412-8b95-f16a79869827,-39.38431716153397,2867,3667
641933,972248a1-374c-3052-9472-8a662e9abe5c,-29.600324006859623,2867,3667
666624,766c08a6-742b-31ce-93ce-c13156ca5b7b,-42.258781208285995,2867,3667
650490,11508a35-f510-310c-871a-6d11e1ef9ba2,-15.204318151886866,2867,3667
669208,5504a5fb-dd84-4d8a-922e-80864f14d82a,-22.649965425967167,2900,3700
694410,30ea5fa8-5d7d-4415-b540-c79ce9083165,-23.47377264514408,2866,3666
595879,bf2e5342-f988-3de5-9a8a-07448db23cd0,-29.191080063846186,2867,3667
502054,e5486d3f-cb12-3e8f-891e-902e40be4944,-37.94186213608111,2900,3700
664702,9b43dac6-205a-32fa-98cd-1fa4a3680302,-21.004622742921228,2866,3666
682663,c952f8c1-0724-3c34-afc0-2aa546310852,-20.13867789072141,2867,3667
467793,e8960639-aefa-38dd-a209-fbaff91bd264,-17.560112312477926,2866,3666
694374,912ce330-daf8-4c12-a8c2-118b2563048f,-17.974182304693727,2867,3667
600869,f3cda6ce-1d46-3a00-a590-c882a0e61ffc,-33.01362771662309,2866,3666
570482,29d8c18a-6642-350a-805c-19950fc1c03d,-20.338282155724315,2900,3700
670623,d68b454e-e140-3566-90d0-d941415477f4,-39.81353816590311,2900,3700
666182,adaf9a77-332e-48b9-b063-0bc212357b90,-31.449540513435352,2900,3700
694671,c343d87a-1b43-4a22-81ff-9f88fd625cd0,-27.15255988521514,2867,3667
673357,1f3ac151-1cd6-3988-842e-30407d38e0ff,-23.56229989785234,2900,3700
676679,54c7a4b7-4fb1-38dd-a2fa-4e5881d3c4ad,-30.42857578840308,2867,3667
681351,b19b9341-f2ab-39b4-ab04-2b39478be6be,-35.28487140427127,2900,3700
608701,8b373d91-7558-3294-8221-a5c83256fcfd,-30.415093225421685,2867,3667
621439,1d76e49f-4661-3fd2-a56f-24510235840d,-30.7037956139705,2867,3667
641313,fd63f78f-3faf-3467-aea4-705d19715690,-23.669904218779493,2900,3700
677951,faf728c2-2a91-3d7f-aaa9-2201c9846e59,-15.441816816942946,2900,3700
672386,cac95126-757c-34aa-99e9-2385f3f0e9dc,-17.281251848229473,2900,3700
609280,e5cd96fb-2db5-3c70-8d6e-9061149aa6ab,-38.028408460116054,2900,3700
676694,2f26f346-e54d-3e7b-b50c-06beadb71f2e,-16.760231548821764,2900,3700
696285,878e65c4-6293-3b77-a7a8-e3f2e1faa830,-28.990449105439424,2900,3700
805249,90be587b-d841-339a-8956-b9e9b56215f8,-39.828526614954626,2867,3667
676694,d5a32e2e-c171-367e-a1cf-846cb0e6e7a5,-17.77717014065442,2900,3700
663743,1917295d-9eae-3dc7-82b4-f6098f65996e,-15.982193413658393,2900,3700
669707,fbc304be-2676-3d92-92a9-36d80cfee6c1,-21.058388062987746,2900,3700
669289,8063d741-6f2e-45cb-8250-9dc5a3040ff7,-29.9519735740694,2866,3666
672640,a9d6e864-80d8-3036-a2f7-377f16bb2a3c,-18.144722042486393,2899,3699
593428,a581907e-3bfd-3c39-8182-523ac18d3237,-22.331878858487485,2900,3700
669221,9bf94c70-16e1-3acc-a929-b87a5b7d8bb6,-18.024458749232537,2900,3700
691723,d6ca9d08-8446-4a8c-a390-5d4992a9ed9f,-20.250515213406402,2900,3700
702332,ac46ebac-0b16-3783-8c72-9ad95b91e209,-33.63484801771689,2900,3700
686668,29478371-621f-48e5-bc62-28d61e7805aa,-18.531114861376082,2899,3699
621043,1f2cd67a-990a-3dff-9b0c-dad8130b83cb,-16.58188200749578,2867,3667
805779,8b1e890b-9f68-3e11-908a-1ef2081fbb57,-24.575266497449462,2900,3700
621043,a107b278-0a22-3184-98d7-2d9c9c6141df,-23.134378503189907,2867,3667
676694,edf4c2e0-e55e-3c7d-86b6-4d6358a1871d,-18.842281471319694,2866,3666
669134,a3cc41e5-c2cf-4230-9849-78d12e0af462,-23.396287626430905,2866,3666
669208,551fb6ef-7ee2-3a91-8912-9684532fa778,-38.41577337176628,2867,3667
685341,fe52b6bc-c00f-4a75-90ac-82abdaeaacd9,-16.59097784761167,2900,3700
807712,0d16a365-64f1-468a-a3cf-8e8844178bbb,-22.89445665255792,2900,3700
669242,3d1c6c8c-35b8-430b-a100-d32384581523,-20.340898764193312,2867,3667
642715,64abb8f3-4e3d-30f4-aa81-a1041130850b,-40.06667061533847,2866,3666
645302,d77f3098-1a3c-499c-bd7b-bd5246a493e4,-21.936030706549985,2900,3700
669374,3dd28456-f96b-347e-9b06-1d2815c9b894,-43.80325240343291,2900,3700
805234,4eaf9c75-7549-490d-9916-46959d4fbd47,-18.073390015695423,2866,3666
667452,5596b991-e330-4615-896b-d6716f833ca5,-29.71163698907189,2900,3700
669394,9ad2492d-5f50-3a06-9ec6-eefd50720711,-31.27400643000746,2900,3700
593428,ab2f5cf7-5ae3-3120-8fe8-40badba43a81,-22.623276945598917,2900,3700
606115,6943564a-eb10-3d2b-b1cb-1164f5d27ae7,-23.167691030090822,2900,3700
656555,f54cc927-0b3f-336d-8f32-a8214e5d48c1,-22.598471824395318,2866,3666
668904,17d1fb3b-15bf-3ac0-b830-51780b2af14b,-32.26840382815193,2900,3700
691723,44cc7d41-13c5-3e2d-b26f-e942ee59f39e,-28.312691462970008,2867,3667
694374,b6012f9f-93d3-32b5-9314-5d2e857df9dc,-20.65656402788207,2900,3700
656555,1e6b07c7-1f74-3f7e-8f31-ea65dbb54b5d,-32.78613420710337,2867,3667
592669,037fea28-ff12-3828-8742-db7dc47479bd,-36.002026299577636,2900,3700
668715,ebd4a2f8-610b-3580-9e7c-cca6fa2ab57f,-26.806987062512178,2867,3667
676694,02dd8df5-a25f-3d01-93f8-3afd3779741c,-16.3419608708044,2867,3667
595879,88afe2e8-a332-3356-a83c-3b2b72ced005,-22.232566675557365,2900,3700
672515,04d4c8e9-5922-4a2c-953c-ec3bfe76026e,-29.518003700340472,2867,3667
702463,418c7407-8532-4fc7-be1a-68ce91efe77e,-28.84308545594412,2867,3667
621439,f1204dd7-0709-4cd5-bc6e-3347461973f8,-17.824573122143562,2867,3667
595978,898e3e94-d37f-34fb-b9f3-5d5b297236e4,-26.146558403799162,2867,3667
669707,868a81ad-b28b-30ce-aee9-d99b887c7ca1,-37.7217630443228,2867,3667
801126,fbade62d-9ec0-4012-9850-40d91596878d,-22.420093008543304,2900,3700
683011,019a6a77-270b-36aa-9509-d0f72c0fb26e,-23.1104432300953,2867,3667
692225,0206a6d2-fc6e-3f8f-967e-9bc5b962d456,-15.287985245104878,2866,3666
656555,f77e6f9f-2e7b-3577-af30-abe4851b4342,-21.60358749869293,2866,3666
667472,66cdec7b-f071-38c6-8e27-1556538a6b22,-20.64780874019654,2867,3667
694271,151f8147-796c-4d14-a6d5-3b2f7c3d985e,-21.98476595865023,2866,3666
642708,1fba49b0-c683-336d-a010-90716644d218,-22.144585896297826,2866,3666
664702,df2080dd-cbff-3140-a1ef-6a4dfbc8588a,-18.771446030932694,2900,3700
686611,1df87233-ce80-32d7-84e6-1da14db170c4,-19.49376017668655,2900,3700
678246,d7eb474c-8062-3777-ad3f-d00deec5e843,-16.925476930616284,2866,3666
672580,4d7f79d4-0fdc-3d29-aa38-0dc2b812163a,-29.96929380137975,2866,3666
592663,07d5f5b4-84de-3b34-be2e-fe7ae94c2e4d,-38.58430169966448,2900,3700
570482,d3d69cf4-783d-3e9a-8f1b-3a5d8d1ea28c,-16.52729308445089,2900,3700
621512,39eccd24-a43e-33ac-8401-84e8dd4d74f5,-17.195299194388866,2900,3700
666624,b5e9465f-188e-4427-b481-241fbc09af90,-31.04606110435408,2867,3667
669242,558d3704-f521-4bf2-9077-870c3aac4336,-20.32489560976839,2900,3700
668939,9c91a095-d3d8-3e55-9653-a5f15ca9ddac,-29.898173988490214,2900,3700
668904,af74c362-7367-3f66-9be2-313fb9061512,-23.594291525910222,2900,3700
514888,7b5ac9c2-65f9-338a-87ab-fc36e2083199,-15.986617114720104,2899,3699
691026,8ecf2b01-ca25-37ab-a07b-f4d183dec09a,-31.538537352974657,2900,3700
553993,a84349fa-3cf3-31a3-b60d-8feab42fcbc6,-25.63106667089427,2866,3666
666023,f14c5440-aa13-4ceb-915c-2283ffe50f85,-22.400912118496606,2867,3667
656248,4fdf2480-98d9-3fac-97ec-225c3c27b602,-43.940040949882416,2867,3667
666176,2e57dd9c-19bf-40b6-a956-c4750960b88b,-17.0641082059321,2867,3667
641598,5e36e52d-698c-3377-b804-6eae58c8e11a,-15.134163510416172,2899,3699
543807,19240108-d78e-3b5a-8902-fbaa2a3c8e0e,-30.48744936714158,2900,3700
702332,11b665d4-e804-3fd9-8955-9571a74130e7,-37.66562119858331,2900,3700
650968,01385567-4e0c-4f19-99b3-af86557dbde9,-20.985547453418746,2900,3700
680846,1ea63ad8-d451-4eac-9d21-5cc12580628f,-30.362471532422077,2867,3667
669234,4ce3005c-1769-3da0-84ae-39f2d33a5657,-15.989899937311293,2900,3700
804606,3e0f36b8-6be0-48d8-a06c-1a84628de9d0,-27.517017895171364,2867,3667
663624,40c07b01-8441-33de-a9b8-0056e182953a,-37.631756224815035,2900,3700
543760,2bee2ef5-434c-389c-88e6-b8db8726942f,-28.622405789122126,2867,3667
801075,99f06bfc-2fca-42c4-ba4c-74a25d354d69,-16.528591909907462,2867,3667
606192,596267dc-2ef0-3768-8743-c45ba1c70a58,-29.550748796458677,2866,3666
683734,ef7883e4-7881-338a-804f-39c1cebe2e1e,-24.646654455056606,2900,3700
642715,efd9e09f-9b50-3be5-8432-e16254ff744d,-24.90896667452887,2866,3666
642715,673a5e0d-71a3-4afa-a312-1b573469eea6,-29.183529515257263,2900,3700
670623,cf42563e-46c4-37a9-9db8-dd157e4ad549,-29.209937622038424,2867,3667
542303,fb11c940-039c-30f4-842d-0882d2b5da75,-19.742721342319726,2900,3700
682799,26f7b5e9-0709-4fa4-aadd-7a28247d43ca,-28.767024926335992,2867,3667
545361,25ac1d05-c083-3cb5-bcc0-4e918efe8e69,-19.4119806524497,2900,3700
661388,1bd566dc-842f-3a8a-bfaf-d35d88a715ee,-18.85615819011298,2900,3700
691594,94c3791d-93ad-3d9e-8029-ec923f5230d9,-18.094845687417504,2867,3667
666969,e0f75ab2-7c73-3c76-a44f-f46b289103b6,-21.31247366327922,2900,3700
608348,b44f277a-aaac-3625-b050-280390990052,-28.710896478076776,2900,3700
553993,0e82e05a-8d46-3a10-b7e4-deedd78f0c38,-40.71824650844732,2900,3700
543760,5e732368-e2ba-3002-bf76-288c5e960c34,-37.234323471120064,2867,3667
592669,cc954e96-6b17-3d39-89cb-3107385a7ac6,-15.112240157541791,2866,3666
671083,31a42f18-a11c-40be-8d8a-37abe2b0293d,-19.570557361073867,2866,3666
624641,1898a84f-47f8-3349-9873-ec954a40dbec,-28.69591845720589,2900,3700
521692,502a6acc-2fdc-3c1a-9617-88a726c75efa,-27.449370049923772,2900,3700
681715,6bf7b3d5-17df-4ab1-84fd-48c8dee6c7aa,-19.02367326849624,2900,3700
805367,906bcc71-5540-46c7-9b56-e3c8df0e3b64,-20.040101661093914,2866,3666
650489,9a804da1-3c5d-35fc-8cb0-a94ee6a7a6dd,-24.81444665731445,2900,3700
676070,2197bef2-3824-3ec9-a861-a48d4e3cb54e,-18.623988866960985,2900,3700
621035,932c9477-2529-39fa-8529-a445277c2b14,-20.997310990262562,2867,3667
670623,10db4869-f65f-3735-93c0-01b885417e87,-28.807961924458155,2900,3700
542932,dcb2b03c-9a05-34a7-aa38-4921798c58f1,-38.78105016503355,2867,3667
457705,66cdfbbf-ce42-4ce7-9ca4-805a6bcf5025,-24.431860599561347,2867,3667
691406,6a711811-66d7-4bbb-9b1b-9922fb9f4276,-34.29368817302961,2900,3700
620443,76eb5d24-86a2-357e-a8a4-a1895bd0b5e7,-17.68004176573757,2867,3667
669450,dbc5237d-40c1-433c-948a-34a4da88eb4e,-29.117163808515286,2900,3700
687036,b41e5cee-eb62-4534-8174-f8fcd9de4166,-22.62945941850178,2900,3700
621043,b92b79e4-404f-31b7-85d7-444252bd06ae,-36.8601335390004,2900,3700
621439,48f7ff95-9bb3-3df9-889a-28085106b3d8,-20.543167203709487,2866,3666
663330,15d045e3-0de0-427f-b9af-d6c8193264d5,-30.888884598849316,2900,3700
672820,40b3a777-af48-35cd-a38f-3da4af8542ab,-25.588329416790415,2900,3700
666971,391005dd-5e97-32c4-893b-ad8fcf44ec39,-35.178213410452344,2866,3666
663898,3d1e4941-0e32-3b69-afd5-2783c6460d06,-18.02562327661208,2900,3700
502671,dc5cd33b-721a-3f38-91d5-338db78c837c,-16.837932335491033,2867,3667
596142,1e51bd7b-49ec-4bb7-aa25-d693046677aa,-16.269333570019157,2900,3700
695336,374f971e-d0e3-4457-992e-0005e66b92c6,-18.303675676931704,2900,3700
650402,5d5baa73-a12f-324b-b204-a7959951ea8c,-35.78818664180099,2900,3700
694671,3ddac1bc-5156-30cb-8ebd-4737f5b6a697,-31.462567980188254,2866,3666
553993,a8fec257-c441-37b7-8805-05ad777c6cb7,-44.84696047620508,2900,3700
543877,e3e97f05-ccaa-3ecd-b3d3-184471a91770,-19.00330431290844,2867,3667
663697,e3811aae-e347-3b4f-8969-7230faf1fbfa,-19.75922389513036,2867,3667
553993,f9ff69a3-372b-36af-8e01-3855f763ae64,-22.4073451340864,2867,3667
664059,33cf9f86-c0de-324c-b73d-b20c5dea2f89,-18.585613973896685,2900,3700
656248,6410a710-a974-3c2f-a5d9-c9f651cd314d,-39.06179252016233,2900,3700
621020,47bf0374-12b9-38ea-bb87-8436dd74da3d,-30.30052245827109,2900,3700
677951,6bf46525-1a54-377f-b162-8d1088cdc887,-16.711336628097328,2900,3700
666971,93aef59f-a72e-3464-9144-60fb4ddf943c,-23.0235578525282,2867,3667
545361,f2f75c30-97be-33ac-8b4c-f1922d525fed,-22.88109135260595,2867,3667
678554,52b05173-2815-3686-aeba-bd326ce15dfb,-37.71503806262811,2900,3700
502671,6e43ee4a-e78a-3bc1-9819-0472b102229c,-25.221435940899966,2900,3700
543877,921bac15-83dc-4914-9fd1-b363ff42857a,-27.234602928410055,2867,3667
663743,9865f5a9-dd44-34c9-812d-d0be1696f78e,-21.817426476800478,2867,3667
666971,bab4effd-1e8e-3753-8d7f-0edac372f0ca,-25.634092008503785,2900,3700
805367,4ae71ec2-a528-3965-b42b-58cee33c411d,-16.145382832881864,2900,3700
687263,27949d0d-86f3-3793-a42f-d8607d13d09b,-26.421267984468244,2867,3667
677347,1a83f615-fb30-38ef-bceb-f7bdd1f6a426,-23.086889223702585,2866,3666
542303,fcce97d9-befd-38cb-be85-db48867aab5b,-21.97373374510687,2900,3700
666149,b18db191-fbc6-325b-85ba-4c0d0d20659a,-20.123606171491616,2900,3700
669234,6d3c5dec-a2f9-3be2-b41f-79468332a4b8,-20.684844294443153,2867,3667
686780,94566116-99ef-3d3c-bd22-cbf8a3853dfa,-18.15108201260442,2867,3667
666801,ab91467a-9791-4b46-8388-dad21218c48b,-18.403044406794535,2866,3666
575929,e4d79e3b-b8d6-33ab-bb2f-5c480d500909,-32.0456642612847,2900,3700
678246,3e935ee4-aef7-355e-ab7b-4e366418362e,-36.423992001814625,2900,3700
608324,0d98a85d-0e24-3aca-8137-3970c46d33c1,-36.697809894896835,2866,3666
592206,946c5cef-bdb2-3a7e-9864-3ec3923f7440,-22.180748494782094,2867,3667
656582,33fa46e6-7a93-41e9-a791-57983e780074,-41.56779630160307,2867,3667
620443,0668f594-bb0a-341a-b4e2-d835392cd1b6,-31.981288092168015,2900,3700
624413,b55a94a6-d21b-3749-a080-3bf4fead729b,-26.975512524030265,2866,3666
500743,0021af04-30da-35d5-842e-d9cda339968d,-19.2498646130002,2867,3667
701305,18b63745-2975-4ebd-bbe9-d3f4a38b4e72,-18.548560483889275,2900,3700
649966,7b6a8928-b314-3bbe-a7b2-d9e156cd4415,-25.963389971739147,2900,3700
672580,2f733467-6246-3a5b-aa55-ae9a397ea711,-29.45452311295503,2867,3667
807712,a28d3267-c315-39f6-9a15-95ca172b8490,-24.806655921032387,2867,3667
681393,354c601e-2e7c-344f-8d5e-f86c93759b2a,-17.66597424018336,2900,3700
455117,091551c0-be72-362c-9343-bdc46155ce2c,-17.69826180953902,2900,3700
671056,afca850f-2110-3d42-9ac2-66a3a4e2fe0b,-33.982654176642725,2866,3666
592178,394295c3-6e46-3e32-9ea8-92b4f07b78af,-40.892110111047344,2867,3667
650968,92be3730-ded1-35b1-bb9d-414268597070,-20.353846264670935,2866,3666
593428,8b61265f-4fa7-37cb-adfa-e98fce705d1c,-23.08249800834777,2900,3700
680737,ed747c62-ee4c-43d7-84f6-2d77235c00c0,-20.39044692028874,2867,3667
663697,00d56b99-c30e-3df8-af34-a6cfd04beb5e,-32.155911043553445,2900,3700
669234,755a973f-e482-4701-8e62-94e8c4580d5b,-21.99625289052159,2900,3700
666176,19dccebf-4869-3222-9b5a-01dd26fe90b6,-29.206669557776564,2899,3699
693307,f14c3d32-765a-3cbb-ba03-eb5ba9e756b6,-22.050570781019886,2867,3667
514888,e6983053-5b9c-373c-9206-776d0dc0f39b,-37.843613535263486,2899,3699
553993,db3a9445-1184-3e3b-a006-d7569b04b470,-33.01761272876841,2867,3667
592663,de696aa4-f86a-34ea-850c-e6c9eedd81ca,-44.12105420572942,2900,3700
694671,30293af0-624f-344a-87ae-6bfb0d8a18cc,-16.418077899371,2899,3699
687952,b62cdc28-16f0-33a9-811f-59e3206357ce,-40.044551059947764,2867,3667
527038,fb738ece-e16e-3ff8-adf1-4dd6c365299a,-20.333804989847124,2900,3700
669720,fc42572d-6c0e-49c1-9a99-c60afe7bfee3,-34.35305563328802,2900,3700
663697,9ac24ee3-cafa-3950-a973-e4c264c24438,-17.855534755073023,2900,3700
609280,59dde10b-f1c2-3652-940b-20b98627b942,-28.00960852282107,2899,3699
673357,5a7fa1bc-9e24-399b-b344-eabe5539661e,-23.203027804563746,2900,3700
696100,0f3c52d1-cb9b-39fe-a41c-6f8da35a6ea4,-15.069334078400686,2867,3667
656555,bb870b95-0dbb-3afe-a103-29d4cefaec0f,-18.809648341162585,2867,3667
527038,d061c407-203f-3c38-9e28-8ec53a48eee9,-18.756282427488998,2900,3700
516782,417aff7d-1ce0-31e8-850d-1cc8ff6df8dd,-29.825346896398926,2900,3700
642731,d4e61471-32d3-328e-a250-5bea4a07bedc,-24.52582109289733,2867,3667
592273,c91d7a19-582c-4be3-ae09-f537ab4b409f,-33.5439264434727,2867,3667
696100,9018e56e-7bc0-4242-9ab2-bca0fe9eb18d,-26.165021276930858,2900,3700
592206,64f357f0-9d6d-3a1b-9496-92addb345f37,-20.483574287517285,2867,3667
666969,06704e7f-c003-33d5-985e-2e3ce75b5124,-16.16606449157142,2900,3700
682663,e4beb5d7-db61-3110-bd5d-82b23a0abd97,-25.940710026857516,2900,3700
695508,28dfe4ce-968c-466f-a349-dacd31985db9,-34.42018058411125,2867,3667
672580,17817b38-2e33-37d2-8cee-8547b4516fca,-17.92718915816893,2867,3667
666176,9f55174c-99ea-37c4-a3bb-b59409d3d4d1,-32.17966498543409,2867,3667
642715,be07f18b-7f01-389e-9652-9c1ea86c3baf,-36.95943007301197,2900,3700
667670,bbe68254-ab61-3f58-b96e-35ee0c796249,-21.396776650027476,2867,3667
700246,8896a825-6549-47cd-b039-06413946b08d,-23.880519069206855,2867,3667
605141,2c9b7bc8-94b8-367b-8fca-605da57ce060,-37.37359591943061,2900,3700
623993,cd4b8bf3-1a6d-3b10-87c3-8573af68bed9,-23.26502624810321,2866,3666
676694,692d810f-74ca-432b-85cc-8dc83018a018,-27.670298878354345,2867,3667
455117,9ce030db-5c29-3d34-b1fb-c0b9ea1718bc,-22.93257255568166,2867,3667
543760,d6544428-4d79-3478-8f40-968eae916910,-28.247446891720614,2867,3667
621035,ac783c94-2ec2-45ae-a538-ecefec6fa2fa,-40.90142302030887,2900,3700
665161,35ed2847-28ed-36fe-97c2-f9928cd3cf4c,-25.485302055454085,2900,3700
656248,044bdb29-1cfa-4169-a859-bdd6f6513762,-16.038816351470345,2900,3700
680574,63d153ea-d55c-3c1b-9c67-4715a3cc625f,-25.677557986557673,2867,3667
671284,0b418acf-8a69-4e7b-976d-2a362b4ec6ae,-17.958416865395222,2900,3700
677870,1b8f66bc-179e-411d-9a0d-a532d739eaaf,-20.9727643583946,2900,3700
664023,038b599a-c795-3718-a568-6d0b5a410546,-29.447234357706535,2900,3700
671218,cdead4db-26bd-3e15-bf87-2b8acc63f9ff,-17.56358054634046,2900,3700
681962,3757b3ca-0d75-313b-9056-ba03d4018d1e,-21.09815643146507,2866,3666
622569,56a538e8-74f0-41d5-b669-d37f86786fc3,-22.152451445300485,2867,3667
670623,0ea13df4-2c23-3523-af46-42805e4156cd,-43.73120849179858,2900,3700
514888,1af999cd-058e-3b86-b76a-801352386ce7,-17.04296139418946,2900,3700
656555,bffd4aac-30b0-34f1-9c18-6626997b96f5,-25.822467921419644,2867,3667
592178,166cc542-fa71-358f-9d15-8b9a76bce159,-25.070887071495477,2900,3700
672744,f37aeb55-7422-3d39-85ad-2dceb8072f01,-15.295215164999448,2900,3700
593428,24bb3adf-38b2-34d6-bb40-f84109039db9,-32.006886008783795,2900,3700
669134,28fb6356-4901-4f43-8d3f-dba6ea3b9cf0,-15.110504669550437,2900,3700
608070,72eeed94-4866-3670-abb3-261171af816d,-23.241223615161616,2900,3700
622534,078b269c-3b84-43cc-a536-2ae244bb048e,-18.90554012581721,2900,3700
676391,a9ff2776-0977-4830-a43f-a8e8be553b72,-28.678667961731023,2900,3700
642708,6dd95ad4-83ad-43df-bc73-220e1e6e8f95,-27.665832105454996,2866,3666
553993,7faa38b7-a926-3d90-bfbe-5da336eca773,-15.565381624408431,2866,3666
543760,0dd45659-7347-3942-a411-3da9ac2ad872,-35.7906153131965,2867,3667
643396,62aae15b-95e0-3a3f-8915-d805b18f5412,-32.56234350012109,2867,3667
681624,053092ab-863f-39e6-8b3d-02308cee3e82,-40.19444239353544,2900,3700
592663,81c75106-f9ae-3de8-8958-01c37d704fa1,-20.76594688983134,2867,3667
676572,04541b9e-4feb-3191-a236-336aff7c0754,-23.812515822208113,2900,3700
605141,5663704e-c42d-34fe-aef5-56205fe28ce9,-34.79870734700661,2900,3700
694974,7b85126f-47fb-4b30-bdf1-3f87b6b5000f,-17.854148112732005,2867,3667
608070,8471fb32-377c-31a3-aacb-3c7eb4228888,-22.956048336664196,2900,3700
673237,d8f6e2f6-1987-3caa-a3c1-a38c653c6d9f,-34.25582754744636,2867,3667
681351,4d484489-6712-3777-859f-d3c0d5eb5bdd,-20.64423445543943,2867,3667
663586,ae6d1180-06c3-3306-be19-50252ddd6a50,-21.472367695633395,2900,3700
592669,0cea6783-14ff-3622-9112-bbfc59aba095,-26.52222008119135,2900,3700
542303,cc663f07-4970-33d6-85e5-5789c5ad90a2,-44.63848044094064,2900,3700
669257,8db63034-fb3a-35cc-a19d-9c88967db885,-23.4409475159579,2867,3667
687515,7e8fce98-20dd-4d05-8fba-6da5e88efc8d,-15.393347094740548,2866,3666
543760,53a6de21-3219-44a9-a384-2e0e78729953,-21.93803614675197,2867,3667
608701,f170a2fb-f98c-3df5-ac5e-10d28f6d1fcc,-23.004597530630747,2867,3667
595879,ce784c8f-9a51-3c93-bb99-6797ae54314d,-19.277575478556088,2900,3700
521692,1eff93ba-afef-3d96-a837-abf12730bc5f,-15.209102002322595,2900,3700
642715,a2218d99-a624-3dfe-adf5-9f0e2e1fec5d,-31.58860620606073,2900,3700
675915,cb05f6c0-2ba9-4a05-863a-c29606f8c9b2,-28.734732932670212,2900,3700
670623,d9b726ea-b610-3847-9d02-7a1e0a069b22,-16.285382724233642,2900,3700
680779,29f86bd0-96ad-4fbb-8d9d-5d3575d45ef2,-35.78636975649657,2900,3700
624585,269cfcd8-2c72-3c3b-b318-b13dc3fa1980,-27.64893852982587,2867,3667
592518,37ef509d-c693-3ae1-bef6-4e01d282b791,-18.03027881673229,2900,3700
680862,e9d9ca1c-98cd-36c0-be02-2d61580a1bdb,-18.578713264248606,2900,3700
665487,14c83a45-b17e-3caa-85ae-109deb1d3768,-18.988811286307254,2900,3700
679529,578adbf0-fbdd-3d9f-96dd-341d9bf4dcc4,-38.31150993343135,2866,3666
676609,d5c8c63a-be16-36e8-b510-9856ff8780f0,-15.778614319842973,2867,3667
502671,a4f0f9fc-ec42-39dc-baa4-661909f2d3ea,-22.232566675557365,2900,3700
683227,a79eeacc-3c7b-4799-952e-5b4d4888a97e,-39.01261781032258,2867,3667
592192,69233a7a-f7e4-36dc-99a5-f6596eaac689,-28.373531228864422,2900,3700
665161,f10d5007-eb3e-46df-8501-39a02e43d6c9,-19.91820029549615,2900,3700
806198,af0a48cf-8254-40de-93a6-03849548bc88,-24.689684065361178,2867,3667
669720,f84a1e66-a450-336a-a47c-453d836318ba,-35.61996210137056,2899,3699
642715,da1424ca-7923-30a4-97c3-5bd5b55fe016,-24.790534383483845,2867,3667
666023,a181815e-c55c-36ed-99dd-b08af6b0a26c,-36.84549569693054,2900,3700
683011,86ca0368-18e0-3465-8bd4-17bfa07547c3,-37.47175705513628,2899,3699
543760,76d828a6-dfdc-3756-a885-b814c09fa6e0,-21.58840731704494,2867,3667
553993,6629076c-c2cd-37c7-9dfc-00f9bbe78f66,-27.183883417188085,2866,3666
663697,b134862c-7be0-3dfd-858c-d64e737fe1de,-36.15975042014094,2867,3667
608324,b7db70b7-3cd4-3b1a-a35b-60bc972e59df,-19.690358288190396,2900,3700
673548,88bfbc6c-ecce-3df0-9aff-6d55a0755ff9,-41.87023362166693,2867,3667
553993,7e857246-32fe-42a6-9f14-513e61add23e,-43.00055920331414,2867,3667
678882,8f08f98a-e5ce-3f39-a6b1-e6d5ee930dec,-27.647952193659805,2900,3700
663697,61583b89-aab7-3b1b-a168-1da7e530ed42,-23.169324557256445,2900,3700
607208,da4b2afb-71a1-3de9-81b7-f7b60ed7cb74,-35.35615286006029,2866,3666
676369,0eee65e8-be83-4f57-baf5-7c1fcee95876,-30.229034629774375,2866,3666
642731,8676775f-ff96-43b5-bd17-613936987ce4,-20.756708177690484,2900,3700
669127,5c4eb01c-1a03-3f5c-ac9a-0ebc4d8e2aa1,-41.73307474075966,2900,3700
663697,bfd350bf-bc8b-33ff-b6ed-13450eb03ea8,-29.713913746932334,2866,3666
553993,9dc57332-ff15-4ce8-8e99-410516787f3b,-42.81201306193881,2866,3666
675961,a014e4fd-92b4-4399-a908-40fd7c7a61d6,-22.509075252975705,2900,3700
682988,a3574fb7-a0ca-4ba8-807a-d35c1f830a53,-15.332477742042073,2867,3667
571912,a8a864bc-232c-3048-9a5c-bf804e7b1875,-20.485143412546222,2867,3667
663538,cd95b58c-16d4-30e1-b262-bd84c5181a26,-17.892859987277376,2867,3667
656413,9f2d4538-76a0-4307-b819-0c2c14ab32b2,-25.251539902745606,2900,3700
661388,5a4184f5-fa70-391e-9333-13429909fa65,-18.545772242767796,2866,3666
650402,f4ff1ec3-271a-3d21-9f61-b88dd42fded0,-33.04376694798225,2867,3667
663586,ccdd61b3-5dbb-3444-b06a-c16d27904afd,-27.580448416529435,2900,3700
592669,4dde8736-9967-3e63-9f75-75fa53551c82,-27.142539478082483,2866,3666
679845,673a8ad9-bd4f-34c4-8932-86fae5488f88,-19.430613334619835,2900,3700
673357,871d170c-3f08-40e2-b0fb-ec8ec5c7eea7,-30.12312083958693,2900,3700
669304,b61c8fc9-fb3f-47d2-969c-f7ddf02ea4ec,-23.39688002083642,2900,3700
691406,dbb5aafc-8e7a-476d-af7f-35d919b75774,-17.409205605335785,2866,3666
668904,e4f96340-4b18-32d9-93da-a42ab16decf7,-44.235381983902016,2867,3667
514888,66667fde-18f0-3d2a-89dc-804cd937058c,-31.20162036330653,2867,3667
678489,fc7c6935-969e-3226-9969-77e583049285,-20.72368413019238,2900,3700
624585,cd660fc3-300c-330b-8a08-dd1a236e6831,-22.276145696318707,2867,3667
683011,2d55b663-6dd1-3cfb-b148-300f426fae7d,-20.69460212142485,2900,3700
691723,05e247ed-bcdd-4200-b8a8-11c2438103ea,-26.873298817272456,2867,3667
683734,57c44b48-edfd-3549-a95d-0e44196e6ae7,-22.08248086700536,2867,3667
621028,5d4ec70a-2c2f-3817-88ac-0cc3b8cf21a5,-37.56461116482461,2866,3666
663697,4bb29ddf-aace-3f0f-870e-0fa445aab97a,-21.87833638396144,2900,3700
605141,db161ec3-ff0e-3cd2-9482-77a1037eb57f,-26.06691215818475,2900,3700
642715,ad0931b9-beec-3552-978f-db0a66a61b24,-24.049086902157725,2866,3666
678246,43cd06cc-1077-36e7-8f44-11212c2e31de,-20.113378090551578,2900,3700
686668,89ec674e-b955-32ad-9453-a77e087c3b80,-17.270130443687634,2867,3667
667472,f20ff230-b420-3e36-87ba-98516f585979,-22.228791587198415,2867,3667
665923,e2e94432-7832-44e1-b6d7-ac945c7027f2,-40.188822799158146,2900,3700
680574,69a0e94a-4571-375f-9cf8-49f7cd435ffc,-20.022767739686557,2900,3700
641598,87aa919d-2d5a-4d5c-8651-f3bf1b0e6b11,-17.97695743856893,2867,3667
686668,ca2dd209-84b9-3448-9731-eeb79973ea40,-38.17688770624724,2866,3666
666149,581b00dd-159c-3eef-bebb-f6f5fd22ca01,-22.58580087386541,2867,3667
656555,507c58e8-0829-3aa5-bfb2-fa6d6cd576e4,-39.34884914844963,2866,3666
571657,374fcc82-83d7-384f-8a35-707db63b198e,-37.50861711698727,2867,3667
656555,81cfa76d-6398-33c4-9757-d5eae200ea18,-26.54497908838674,2899,3699
665161,1f89bc97-fabc-474b-a492-8c58e779e484,-19.458251688924136,2900,3700
543760,af2553b5-ca95-3de6-87f4-cb377d077c6c,-38.09565234358399,2900,3700
664023,5bcb385e-e79a-3df6-8b53-5b0e06c73c01,-16.362449009365662,2899,3699
677565,18e4e1b0-fbb8-4fcf-9313-00180a9922ae,-18.36142640489284,2899,3699
678894,dcf62898-3d07-4b5f-8df2-15fe4e1f1691,-20.297853197221954,2867,3667
683734,8ed0a7ef-4c7e-315d-a54c-6ed4da3141ca,-17.06648621203516,2867,3667
666176,3f0b52c4-5979-32f2-9a60-0bdac844bb85,-26.343803594231005,2867,3667
605141,715f9e62-dcff-33e2-bea5-3f435478bb20,-33.14834883374377,2900,3700
656305,8e3aaf6d-0050-32ec-9cb3-93de3d64f80d,-16.195167178312687,2866,3666
694671,48c29c13-4ab5-32fa-91d8-5f0b8b423ae2,-30.86773869829696,2900,3700
668715,ad6ccff3-7136-354a-933a-749f0ad0567a,-20.498168135315026,2900,3700
670623,5f9fc641-3389-33fa-8b2d-8ae256c8ce1d,-24.66138363759177,2900,3700
678246,35b2272b-34b0-3667-8303-09fc3710475a,-26.29893683844142,2900,3700
669477,b9cf8dfa-43c8-3a7a-a4fb-bfcc8ba47c95,-26.990585668161287,2900,3700
666182,83a6bf7f-909a-331b-94e8-23a003eb0e07,-17.43652922718023,2900,3700
669236,7803f8ae-626a-3d17-8e44-b89d185a4787,-29.80678595586346,2866,3666
681393,455e4ca9-5d37-31ec-9e85-6b9b3456f830,-23.075016916031842,2900,3700
680869,e074f2a3-6cb7-3467-865c-4d00af6dc87a,-25.494848704743006,2867,3667
677942,4d7df0f2-edfc-3de1-afb1-f648bd3fbdbf,-16.335371847990842,2866,3666
672580,900913cc-9c15-3ff5-9275-9b0d9e1343e3,-31.465729267194135,2900,3700
681715,56cdfd9b-d38c-310c-b7fc-4c91df0a4085,-22.05286270368083,2866,3666
592663,2fc1712e-9f0f-3097-994f-5edf061e3d06,-19.6016287803033,2900,3700
668227,02da94d9-c55d-34a4-b0b5-18ae51ea6da4,-40.29108445298226,2900,3700
807713,8b8f7ceb-6ad5-3369-92a5-9bd72d6e4017,-22.846592873460736,2867,3667
691406,583a2eb3-a4eb-3873-8fd3-3171210d2bb3,-27.707946838392232,2867,3667
642715,b537a0f6-8951-3955-bef8-d02b7112260e,-33.05226952042639,2867,3667
663728,a566a59c-0971-3f00-976b-0387923faf73,-38.37674182996969,2899,3699
621028,3a3aaf9c-95ae-3246-8642-df9031922361,-26.514317909868126,2900,3700
664056,1db8c62b-e3b8-31f0-8802-91b02578b7cf,-16.374586782662504,2900,3700
669221,2d5169b4-e4e6-34f1-85f4-cfdd13d178d3,-27.16430305402868,2900,3700
669397,eea50822-95d4-30ef-99b2-1de61e2f9d7a,-18.695563971449033,2900,3700
673548,89b07967-7d8b-39b3-a178-ad0fbb8d8af9,-17.465968563509108,2900,3700
672820,80dc020d-88fd-3605-b8fa-427813c47d2b,-17.9759860546734,2867,3667
679845,07c4bf1a-cfd3-348e-a738-9ef21f248c5e,-21.39108238971245,2866,3666
682663,2eb301d9-83a3-3446-91fd-d378d43c5bf8,-18.186985947601116,2900,3700
676391,4986cb89-a611-3410-a2d8-41b6036a1847,-27.684246752539394,2900,3700
669707,014e0412-0456-3424-ace0-3a57951ffde8,-15.73082441378395,2900,3700
679529,ee0a7f62-db47-3ce5-8f12-1a5044cedf69,-31.7539930345027,2900,3700
457705,fe4bd592-9826-3b3a-adf2-7869c319cc40,-38.26502413638991,2900,3700
682663,f011e760-91e9-3415-9057-5fc90ce1902b,-23.640073227921633,2900,3700
669242,8f9ec97d-a97b-3a52-ac7a-2ba3bf222f5b,-24.17274584312588,2866,3666
805373,63c9b5ae-3be3-38d1-b9e6-39d0e88df12f,-23.067081068236575,2900,3700
681715,551aa99c-9b4b-31a9-bae3-f1dcdbae4100,-25.25738515248652,2900,3700
592663,c6917a8e-6f4f-3ca6-a8e7-252c343094f7,-25.911552579534998,2900,3700
605141,dc163ee6-6f1a-3288-a71b-363d51034899,-20.69886552368719,2900,3700
595879,a4cd4725-180d-3630-8579-c276af232005,-32.0053832080835,2866,3666
672640,94383a52-9ca0-3176-8ada-71819d9996d4,-20.394876082048384,2866,3666
621035,e866e528-68d3-365c-9e3d-f483ae52bc3f,-30.29276256614243,2866,3666
682988,faacb878-5b3a-327e-8c1e-dad75fb68c45,-24.202551862862947,2900,3700
691185,0732f1b8-7443-3b22-aa5f-2137afafccc0,-39.29568567998851,2867,3667
666176,6e856e45-12b2-391d-a1eb-16f8edffce6d,-18.89364662285557,2867,3667
669477,86404f18-e8bd-31be-9b28-6a2f2c3bf3ea,-22.80003976140864,2900,3700
682622,5bfad1da-034e-3d9b-99d8-2b5d68f59423,-30.77354191508087,2866,3666
543807,87efec3b-1a98-32c9-aa90-ecccf82b6b56,-24.168790398794002,2866,3666
663743,8b7bffa4-39f6-3262-97c9-31dacc3396ef,-24.097187596401852,2867,3667
695681,c3959224-5535-3780-aca2-186ea42e6570,-17.056677239095848,2866,3666
679529,a100b544-f714-3db4-b67c-4ff6920ca768,-17.908858192972986,2867,3667
683766,ffbe6981-4e49-393e-a175-1192e714c0f6,-18.9138729130361,2900,3700
686668,3045dbf2-51f5-357a-be5b-97751da44ff5,-43.25044330387385,2866,3666
666176,3a5e23ec-a47a-3384-8b60-de15cee9d7c0,-21.837955641223004,2900,3700
681624,a19365c7-e906-385e-b643-517c2eb40583,-22.722928530874327,2867,3667
678882,73736fa8-49de-33ea-88fb-d29bae5e9841,-26.027886387027806,2867,3667
668904,10e98bf7-e53b-38dd-9ce9-c22f62daf0c1,-19.154620744720603,2867,3667
642715,a87f3eff-d82a-3879-9f84-d31d8c262126,-42.062667585530164,2900,3700
683734,5a3dbf31-d9c0-3324-8b74-a0eb37136227,-41.8509268834091,2900,3700
696100,79d2905c-90cf-33f0-a3e8-667bbb5bf135,-34.511211505866655,2867,3667
687231,44fe6cb8-1fdf-3462-a324-3701695662c1,-24.880366859181706,2900,3700
666971,e290250c-530b-3475-8208-cdf0241640ef,-15.349809863480502,2900,3700
542303,03f300de-db75-3614-b29f-df88d63984cd,-23.849965845158394,2867,3667
669221,fe8b2d89-ddb8-36d6-a5f9-e25966f738d2,-22.585352257493795,2867,3667
514888,81d57761-bc12-3604-98e6-96fb16fc4cc9,-17.33117880924911,2867,3667
679529,1d4165f3-5030-3521-9ed7-36d299dd2f48,-20.95670847537562,2900,3700
702332,899a10a3-407a-3641-8e35-a1265e90ecfe,-17.205041121039258,2900,3700
606466,f6621f71-8863-3463-9de3-f77a84187623,-38.41577337176628,2900,3700
656305,22996e2b-4c97-3c6f-a15d-4501cf689280,-31.09097084565343,2867,3667
457705,274e18a6-ebc0-32df-b02a-621658daabe5,-26.628877125209115,2900,3700
671056,6f02438f-6a0e-3e0b-b4b9-392c9af224bc,-22.166712531499925,2866,3666
467793,625f8c4c-4578-371b-847c-6c0e14620604,-42.97523491843896,2900,3700
805249,53b7ac8f-686c-3620-a920-0b3577ac8508,-22.232566675557365,2866,3666
602104,f34d48ba-2fca-3914-8430-c824a583987e,-18.051171588401232,2866,3666
592206,34fcf75a-db85-39fc-8345-00d6d3e80d32,-33.665183367060976,2900,3700
661388,5d6f5a5b-fdea-342f-9b3b-0eb1de81003b,-35.41592285369465,2867,3667
665487,53893a85-58df-3323-bac7-0cb719b2d5dd,-15.988877078242638,2900,3700
663697,6f627ddd-b0af-36ce-9664-f8ebcc6b0e1a,-25.43597033903592,2867,3667
672356,90e89608-d723-37ba-bc6f-9e2fbab9127a,-31.775529057910106,2900,3700
595879,c7088f16-0e93-387d-a07e-a5cb9479fda2,-20.307268289773646,2900,3700
608348,f45ea3b8-c008-3bb3-bb51-a8ac9e40075c,-37.284455682437425,2866,3666
676914,9b9d76f4-a82c-3a8d-9ba8-d5617fecc21c,-31.440185777740624,2866,3666
678894,da62745d-969f-329d-ac86-3b67d3dbc9d5,-25.034964242867105,2867,3667
606466,50c80188-29e6-340b-865d-6e18d026bbb3,-18.70370078751739,2867,3667
592518,45ba3c16-ebf1-3c97-9a57-d95214b3690e,-42.049220890993666,2900,3700
666023,a63798e6-93ae-3de6-ab90-2600bd0233a3,-40.69553103949204,2900,3700
691026,dbaf93cf-2b93-315b-90dc-1ae8a2a07090,-41.72012903275785,2867,3667
681393,c6e54339-14e9-34cf-8126-b6565c35750d,-24.541307337843833,2866,3666
606192,8ca25b15-14d3-3ac0-84e4-b854351b679e,-18.449019495407583,2900,3700
686668,23443e30-64f3-3ced-a14c-885daf0ddb8b,-18.78170876108568,2900,3700
681807,a9c2b9d5-97e1-309b-9d3c-c8066d20384d,-42.08067242384192,2867,3667
595879,90381e4b-8dee-324e-aeab-e780981f7bdb,-28.24620569091806,2900,3700
676914,3afdfd9f-b45f-35fd-b3ea-95770afd5d1d,-40.37091197971543,2867,3667
667472,041471ee-7de6-3332-be9c-72c97f4d0ec8,-25.652327981951217,2867,3667
695336,f714c653-f413-3f80-a077-db123af92f8a,-18.59249869030431,2900,3700
681715,a403a574-c3ea-3402-9d69-850b83d2017e,-32.98244057830182,2900,3700
527038,9f1084ff-c366-3924-a77c-4f4f517f98d1,-36.30802241664462,2900,3700
668227,851f82a3-1be7-30cb-804d-94eeafa35480,-37.89057070355233,2900,3700
672580,68bb7454-376f-326b-a776-66f6388b79bc,-17.39514491994474,2866,3666
656305,0d1701fa-a3b8-3f55-8cfb-4be3e6b6b77a,-24.497438682155348,2866,3666
518595,7cab2ca4-a793-32da-99c0-01eb2ad9ae9b,-24.56803707731798,2900,3700
805779,cfc8f7c5-0ef0-3a9c-bfd9-9d37b5102b9c,-35.25175493812054,2900,3700
686668,e86fc141-2131-341f-9b60-4ed1bcea8bd9,-38.95452018635626,2900,3700
595978,a51a51ca-8008-3447-9085-7e5901a48181,-24.193038433171765,2866,3666
514888,85156805-e534-34ed-a8b8-0562aff409bd,-18.578713264248606,2900,3700
572233,80e0ecbe-68fa-343d-ba86-b82f439ead7c,-17.482801826495177,2867,3667
543760,2cc8a9a2-43d0-3f31-90cb-0f2109b55507,-16.407004066569684,2900,3700
671289,4007889b-57e7-3a7a-b3e5-e190ee4786ec,-20.59906839638508,2900,3700
516782,99e2c7b5-106f-320b-9bb5-817ee0e8aecd,-26.409285961787333,2867,3667
807713,a6598090-98aa-3c58-9bb9-5f271bb5d41d,-32.278595322155496,2867,3667
656537,121cbaa0-c52c-3124-91a6-40464db5a7b1,-18.482953249498394,2867,3667
663647,c278ec33-214b-33f9-b161-e004223f86bc,-33.64906509661597,2867,3667
621493,79fe34c7-eb76-34e1-bd45-0aabeca3e61d,-15.047513011131585,2867,3667
514888,9cdcc4d4-6b6c-399d-80f4-8635a03b7df0,-43.13951821862534,2899,3699
665861,b5bebfe7-7884-3a9c-8bac-53bf021c5849,-36.94360221459621,2900,3700
642715,ff7d4e77-8b25-3399-9446-72e01a75ff63,-27.231636254863204,2900,3700
665487,04b08ff6-f766-3f9e-81e6-da60ccda8bf5,-19.504926035375263,2900,3700
545361,814a4f57-5eb5-3b72-b8b7-89388d6fd4d9,-30.33528186575323,2900,3700
807713,baf56488-52ed-3514-b06b-186a4de22f2a,-17.35840750479629,2866,3666
682622,719daed2-3c66-3f8f-a358-22e815806331,-21.76929422150033,2866,3666
676914,4a0d2a1f-aec4-3e88-b587-0d09cf7599af,-27.592364027718688,2900,3700
572233,2d9f92fd-6fd6-3c8f-9866-1b524dfca842,-22.021192969343645,2899,3699
545361,8239f3e7-fd85-3da7-9a95-131f793fda14,-29.866515906953012,2900,3700
592663,1b2db329-d2ed-333e-8b97-5c2255928674,-15.915570507210148,2900,3700
669911,94915815-2e80-3e2f-bcbd-807e9868d94d,-16.597759807028922,2866,3666
693307,b2d67501-e45a-3861-94cb-1909b122bd3f,-17.570144652457003,2900,3700
657656,1a00db8a-08d2-31a9-9ec1-bbd40abe4382,-43.53072261126988,2867,3667
679845,921884af-5a38-377d-9f62-d1f6fd523b4e,-44.552013515102175,2867,3667
502054,c33b0f20-2baa-3aed-a7ed-a22284ed345d,-26.493461319064977,2867,3667
671056,ef5becfd-72c7-335e-8873-f84ebf39cfc4,-18.604503418930832,2900,3700
657136,4487f03a-fd81-3fab-951a-75791a0d4d43,-24.538357577101024,2900,3700
702332,fbb3b608-96f4-3370-a0b5-ce2a5fd813e3,-32.66973605400689,2867,3667
457705,607eb4fa-d72b-325f-91f3-6f22b908aec5,-24.193038433171765,2866,3666
666969,02c54a7d-b7e9-3842-9279-771b1538091c,-33.41745336106345,2900,3700
620443,c0457dff-8dde-34ed-99a4-ae053efef572,-23.384158686459728,2900,3700
678894,4b86b425-9d25-3685-a274-c2c5e98ac4b0,-23.65661387795396,2900,3700
595978,3014c791-d7e1-3c39-b8dd-54aa6ac0887c,-24.318138558301925,2866,3666
670764,0331bc23-37a9-3172-9195-897f0c378f2f,-22.311171868277953,2900,3700
678894,39e6b264-6ad1-3f32-b477-1b594ce9816a,-25.691506579476197,2866,3666
607732,9883b673-4fe4-30f2-885c-c69d69e46bf3,-35.4975105019507,2900,3700
592518,35a06713-97db-3b5a-8bbb-e557e176deed,-20.13867789072141,2900,3700
670623,c1aaddd1-f22a-3649-b1c8-780f801226ee,-40.48119895159826,2866,3666
621439,f66380ff-f437-3296-b3dd-07932e61cb2a,-19.67010526231779,2867,3667
543760,1003356c-c271-33b1-a1b8-2701a022e35f,-17.503972271210927,2866,3666
668227,1432be0b-2c0d-3014-98bb-994e20eb1616,-24.954946419421233,2900,3700
543807,9e88269b-dd5e-3df2-995a-3544ba470317,-26.578454743469436,2900,3700
676356,e48e7a26-201a-3c48-b942-74ea34b2e0c9,-22.483953184727,2867,3667
606466,792b7709-4758-36c4-9238-92396b4184f5,-15.976028331869017,2900,3700
672820,a1e6fcbb-73d4-30f8-9a79-156eb792488a,-27.98381722890248,2867,3667
622761,03db46ad-15d0-3b18-907f-aa3660beb7c4,-23.986446350673845,2900,3700
621035,dd39ef47-2e2a-3b1c-b62d-e21439da9c4b,-19.969175264618613,2900,3700
650402,0eec9b8e-5b18-3d21-bbd2-b0a6e9265e6f,-24.751273958362944,2867,3667
693307,8c60b6a3-f785-3858-8834-3a4f711e80f6,-31.54019389508281,2866,3666
661388,92ab3dea-1ce6-3fbf-a53f-a209bd43b34f,-16.14335419829756,2900,3700
679529,0eb4a00a-f863-3988-b1a0-1c70e8e213ff,-44.303975320403566,2867,3667
807713,ccd4b1ea-dba9-3dc8-9caf-34469c60ce41,-29.089250545002358,2867,3667
667670,1b9c9bb5-3127-35c5-a678-212e63bdf406,-37.11559390990004,2900,3700
682663,041507d5-4ce3-3d31-aae8-4946cef955dc,-17.503751745821347,2900,3700
543309,fe052c71-7621-3239-bca8-1d5d3b0fc3ae,-28.61722228175644,2867,3667
671289,2e9e12a2-36fd-39fd-9911-9869c90e994c,-18.544870246340167,2900,3700
516782,1b71f0a5-78b3-3cee-9a72-ce1ff1d47ad8,-15.794593620494638,2866,3666
553993,5215730c-a5fe-3764-ae45-4b6d749d75d2,-43.687837888624045,2900,3700
656180,5de63a6e-bf27-3c17-9def-130362d7683b,-15.292047538192719,2866,3666
669221,3494f057-bdbd-3093-a696-e51051ca8103,-18.55831696711735,2900,3700
607208,06d644ab-7fd4-3444-b190-9c53b0fc3af6,-30.362799207626452,2867,3667
681715,c7c1df59-d912-365e-8f07-fdf112e0fb80,-20.257563689613548,2900,3700
665487,dbdc5ff2-663c-3ece-b76e-c75b72661839,-23.180647307546593,2900,3700
700246,d68e37ec-23a2-3b92-b4d2-2330e9946cf8,-31.354243908672558,2900,3700
457705,4ec1f63b-89f8-3503-8849-fe96fd506e7d,-15.265195343740572,2867,3667
621439,045ae5f6-5dc3-370c-89dc-5291cbf84981,-21.873772907827686,2900,3700
669720,7b07734a-53b8-33dc-9344-f70459501995,-18.391411004924095,2900,3700
701358,38dafd73-10c1-3066-b651-3419557dcaac,-35.16206594075204,2900,3700
553993,41c544d6-ec00-3582-ae3a-027b1b5a41d9,-42.9587973934656,2867,3667
595978,0773182a-0911-34ac-a6c4-64fc16c7e6e4,-22.65407090458889,2867,3667
679529,19169853-868c-308a-957c-2d8a994406a8,-32.272441106691815,2900,3700
656555,85314b30-b891-3574-ad14-c32b458d03ec,-18.807801127034608,2866,3666
596115,3b91c8c1-6a53-3540-92ef-cd590a7037a2,-28.79561124951161,2867,3667
643289,9a638f58-21c6-316c-8dc0-330c3cff0396,-22.306429844733344,2900,3700
805367,9cf5ff16-72fc-3271-a789-e407976dbbdf,-33.529965533642155,2900,3700
694671,b5c73536-fad7-32a7-ad3d-c709d2e12cec,-29.929433421402067,2867,3667
542932,ad52decf-eed7-3ba9-ba31-0875fdcb191e,-24.055948589886228,2866,3666
686797,7256a7e6-0bfb-3c1b-acb9-908d2461b150,-17.723860380203618,2867,3667
676572,76d508d2-87c2-3310-a927-e13033976f37,-19.714294515298064,2900,3700
677951,b60f9d69-9096-3b6a-8e03-46094b0860d8,-42.41206953103318,2900,3700
676609,26235178-58dd-306e-a2ea-7edeead32ccd,-24.849015290337576,2867,3667
672820,b8c469d2-b50c-3eb0-8f77-1c95de660172,-22.106978044002716,2866,3666
455117,c03dfb01-54ef-3664-b3de-8ccd4a87a940,-24.58788358676813,2866,3666
543760,a7460981-c8a5-377e-bd14-ac95ba432930,-36.63126748181631,2900,3700
668939,2932b8d2-d559-399e-aa01-8b43858bd7ee,-21.8628361897142,2867,3667
602104,90071f3a-c321-3062-a5c6-8288c52e7ac2,-16.214633095744404,2900,3700
605244,eeae42bd-ed5a-3487-a598-3b8caf166e27,-21.997050044265265,2900,3700
665489,6566d414-21e4-3aef-bcb4-36267df7e891,-22.23657563022627,2866,3666
680777,fb01fba2-6d09-32da-bf1c-ed8c5327bc86,-35.679181320315806,2867,3667
641598,a97cbe5b-6640-37af-9bd0-7e9754f2ef17,-28.288846025070058,2867,3667
691406,60d3d5fe-6c34-360b-b219-bab88fbad8d8,-25.259422520257687,2900,3700
514888,094a4b44-2b15-3920-8766-242b054760d1,-17.33974793077853,2900,3700
592450,cf1d60ba-1e1e-359f-8a24-3e328eee7e12,-29.326416824055016,2867,3667
669720,c5931607-4e95-36c0-972f-8ff55b9b3c70,-19.055112058226882,2900,3700
691723,16958fba-2358-3350-b1cc-0cb73a6564ba,-33.544634349838375,2900,3700
663697,5d1aef68-535d-3b23-8ca4-6b9ca9a325fa,-29.20711326284595,2866,3666
672820,afcd5f29-6df8-36bb-89aa-57f21c11ec87,-22.02431126360449,2900,3700
678662,9c289b95-d3ea-3e75-a21d-6524a099445e,-15.224566388403034,2900,3700
680777,0ad2400e-256a-369c-b94f-6ce2b177b0b8,-19.80091922410692,2900,3700
643376,439cc08a-31b2-38e8-86c7-e0c37c471593,-40.56936029730073,2867,3667
621035,9a0c03c2-0943-37c4-ac12-e08e761cf968,-18.400994654537683,2900,3700
682663,4d61a926-a74c-3f2d-ad84-05f759b10738,-33.88776234200678,2867,3667
683227,161e89ab-e99d-3116-b400-83ec47103e28,-25.405864253715833,2900,3700
676812,0b17d09c-cb3f-38f2-b94a-3abc1421432f,-30.386922593024323,2900,3700
673357,bf894185-1606-3fd0-8d18-3c6276df480e,-32.838057979505834,2867,3667
606466,1e528507-2d95-3eaf-a9a0-dc9e16b8f1b7,-18.062378886194438,2867,3667
691723,46234999-83d2-380d-b8fb-cd78ede1f004,-25.210604992321038,2866,3666
678246,42fe3057-e6ac-3393-b29e-193f9bd8dd06,-21.235796891411226,2867,3667
545341,5359f170-1392-3a6a-b965-e8eb02a3596f,-22.857819888631226,2900,3700
545361,db9aedbe-c89b-3fe8-bed4-a2f8e7230408,-28.92453185828691,2900,3700
679529,4d834443-97a2-3a82-8dd0-805126b5a408,-24.52841385674823,2867,3667
592192,b07f44ce-7c6c-3864-a7b6-617f6f34afbf,-33.02576206955165,2900,3700
521692,5093e01b-9432-3ff0-a395-c4b6676c44be,-29.5206227501762,2867,3667
669720,20ec5b06-37f4-3f23-a23b-3f033e020eab,-27.213011534747764,2900,3700
671083,1e368569-2ac5-3e80-b90b-49a304ab9caf,-29.236291824114744,2866,3666
691026,2bbfc206-c2eb-3ce7-a490-73bc5ea9e312,-24.245143981978174,2900,3700
681807,84ec902d-1aa8-368f-adff-0f14846235f4,-20.560609408063968,2867,3667
691781,b7ba59f1-b005-3f4c-9217-61b00a717f52,-22.64128745373975,2866,3666
682668,52f8a425-7fba-3d29-aae6-ffc9f4a3e876,-30.069452824740026,2866,3666
687597,f786c7d1-baf6-395d-97ac-aa525ed333ec,-17.733510937959906,2900,3700
673490,7d73c2c8-b3b8-3fcc-8c85-d6a0b0845df0,-24.26485848519421,2900,3700
669707,aab96e30-41f8-3a40-9f0d-a476502d4a22,-44.9794122252795,2867,3667
663584,18da1224-9e8f-38b9-a020-1e570b95f3e4,-16.110414425594797,2900,3700
676914,645b3de2-54ec-349d-b2d2-d73362cf4ae9,-21.419993889620613,2867,3667
543510,f1264e56-fc02-3b85-a60b-78b61fa3734c,-16.24876157295121,2867,3667
807712,95fd981b-4c24-349e-9d0a-5f3afc58927c,-32.97209637430193,2866,3666
669707,6cbe5994-aa64-3136-acab-5e6928878c28,-37.67281486809105,2900,3700
543807,d3e53f48-300d-3d06-81c5-0542592d05e8,-29.862423531608457,2900,3700
595879,a952cc5c-21c0-3a2f-b4fa-e86ddfbd0cdf,-33.90793794290079,2867,3667
649966,b82a1c87-5f4d-3706-986f-700d28c58edd,-19.58983182479318,2900,3700
687263,c219aea5-53d6-33d8-ad90-681047897088,-36.33500303236272,2900,3700
457705,458def4c-6c30-3f8e-8dec-41d659baa36b,-31.84170684179584,2900,3700
687478,09c2b82c-d46b-341a-996a-c5bf98154e39,-21.40440266458195,2867,3667
642715,05e4c36e-11cf-3677-a478-a68a731436a8,-42.97332191247301,2900,3700
593428,00192e33-0c34-3b09-a74d-a57eb6f4a408,-24.855908039775542,2866,3666
694671,998ff7e0-7074-3f2a-b140-49e68f6d0bf0,-18.639238997702606,2900,3700
669477,b70aa158-18d7-38df-a81e-978d9d45de47,-37.03160287382792,2866,3666
543760,ff6e6a8d-edd8-3589-b864-e2da8e3a34ad,-27.663057546965447,2900,3700
678246,d07e757f-4915-3bdc-93f5-d78e5d63a2c6,-44.03522044301883,2866,3666
593428,d647e32a-ebdd-3e24-8e3c-673a5d4a437c,-30.14424197806808,2866,3666
592450,105fedd8-6a26-340f-9981-1f2946562d24,-19.02929691980178,2900,3700
621020,c14aa3fe-70c4-3551-b26c-06a0d5edb87a,-24.4409161299953,2867,3667
621020,58df7af5-e536-3a68-9512-2af1d03da5fd,-16.614878270356925,2867,3667
694192,82dc466c-9a2b-33ee-bc9c-fe6a11f34abe,-23.76009515786123,2900,3700
502671,8ba03b98-2108-36dc-af81-5fadb856ab6b,-41.93936587990814,2900,3700
676059,85207cd8-d059-3bac-b7f0-150eec8954f4,-43.68888183587555,2866,3666
678882,f80b7db1-5bd8-3e95-a572-3cb078cfdd9b,-18.50754860605585,2899,3699
663538,b58c7c34-2434-30b8-9880-bfe33082da55,-21.98145954567751,2900,3700
621020,49b8d564-d55e-368f-b2f6-073a3e6aaeb0,-32.321774251052574,2866,3666
642715,d14fda9b-0074-3888-a29a-31c8b1fef58b,-24.689156334167834,2900,3700
608324,eca6bc3b-bd34-3dd3-821c-189a5d7e54ee,-24.875867539785958,2867,3667
694671,7961b09c-ec61-3088-ac42-d5e91811b5d9,-36.42021701223166,2900,3700
691185,dae55c1d-e39f-32d7-b51c-021067e49311,-24.553123555080205,2867,3667
642201,7f34da9a-b8f5-3ca2-89c7-7050c5fdad82,-15.397770623338886,2867,3667
575929,7de913b9-eb3a-3597-9723-e850fe75c4dd,-29.229219267463222,2866,3666
663697,049e76c2-0d09-3908-b4d1-ec50609e323a,-26.873264458552924,2900,3700
457705,51f3623e-cb25-3afd-a984-5bf9eec969c8,-20.636789347866653,2867,3667
605141,ba7f1fdc-b2cc-334b-b3f7-f57bc30ee562,-26.697251633552867,2867,3667
595777,c6663da3-9e09-3d5d-9837-70e11a46e9ee,-22.232028230289828,2867,3667
687597,4bb0d373-2869-37be-870e-563664db3aef,-20.99396928191662,2866,3666
671056,fae441ae-8f4c-3938-8f6d-26424318aa62,-19.615768949732484,2900,3700
605137,039ee05d-19b2-3299-b4c2-31d93546b8da,-17.417829874375272,2900,3700
686780,267593d1-dbb2-3ba2-92cb-666777eff2ae,-28.600524938858968,2866,3666
621439,73060054-355c-3981-b4aa-d97e629e6cd1,-25.061376861163467,2867,3667
693307,23d4507a-b9ed-3c64-8b54-cea5c0f0ddfa,-21.30634810604272,2900,3700
668227,3e7882dc-8dfe-353e-bc61-160def7c597b,-33.36235453432154,2900,3700
650402,7dee32e1-97e0-368c-9024-516cb12ea08a,-20.406323463349196,2867,3667
694671,4002ef36-fcc1-32be-b522-354e612b5bbb,-18.681911860348265,2866,3666
667670,f574ac8c-caa7-32cf-a840-b1249b40ff93,-40.71630733254531,2900,3700
543760,0dda5807-8bd5-34e6-990f-3ffaf4c04d8e,-38.075762518316026,2899,3699
668904,04fa56d5-7d61-347e-89b3-626fce4ef5b9,-27.311029912835934,2867,3667
663330,bcc928ea-534f-372e-bb7a-2af833b7e315,-15.782753382374437,2900,3700
672580,8944df1d-12fe-3505-a942-26556ee127c5,-19.560169579963826,2866,3666
624585,2ee94420-b47f-3461-a0cc-4af47b673c31,-26.8577058485628,2900,3700
805249,c05b3ce4-3657-3ebd-b083-28632ce7ed77,-20.015535032452803,2900,3700
693304,706d8026-820d-35f3-a5f2-8eb8c546fdc7,-16.41536810508299,2867,3667
691406,2c70b6be-42b1-3c96-a48c-725f65798dbb,-16.82736517320336,2900,3700
679529,1713c4de-6d99-3d07-91e6-6ad27eebb942,-18.61741884142107,2866,3666
500743,8f1a8767-aa2c-3617-9f46-77458df03e6c,-17.74593407069129,2867,3667
656537,5675a5da-7294-3d19-a632-91e4fe168f9e,-19.371859772002097,2867,3667
693307,eb52f948-c8aa-39b3-aecd-18b644c01edc,-20.660623300143172,2900,3700
665487,dbf02fa3-7756-35e7-b38d-082f16a6e444,-20.350109662254212,2866,3666
